{"cameraMode":{"drawMode":0,"name":"Shaded","section":"Shading Mode"},"sceneLighting":false,"audioPlay":false,"sceneViewState":{"showFog":true,"showMaterialUpdate":false,"showSkybox":false,"showFlares":true,"showImageEffects":true,"showParticleSystems":true},"in2DMode":false,"pivot":{"x":-6.236359596252441,"y":2.6586198806762697,"z":-0.1756410002708435},"rotation":{"x":0.1812041997909546,"y":0.4404127299785614,"z":-0.09128329157829285,"w":0.8746092915534973},"size":3.500178575515747,"orthographic":false}